{
  "compute_tier": "T4",
  "base_model": "unsloth/Qwen2.5-3B-bnb-4bit",
  "beta": 0.1,
  "lr": 5e-07,
  "epochs": 1,
  "final_train_loss": 0.6838539047241211,
  "end_chosen_reward": 0.05148202143609524,
  "end_rejected_reward": -0.07463930025696755,
  "end_reward_gap": 0.12612132169306278
}